{
  "state": {
    "isStdErrTTY": true,
    "testRunDurationMs": 390168.563,
    "isStdOutTTY": true
  },
  "metrics": {
    "iteration_duration": {
      "type": "trend",
      "contains": "time",
      "values": {
        "max": 9568.5402,
        "p(90)": 8961.493050000001,
        "p(95)": 9285.58585,
        "avg": 3602.560096696886,
        "min": 354.7557,
        "med": 2198.75345
      }
    },
    "http_req_connecting": {
      "values": {
        "med": 0,
        "max": 40.2052,
        "p(90)": 1.0843,
        "p(95)": 1.2264,
        "avg": 0.3861500555144319,
        "min": 0
      },
      "type": "trend",
      "contains": "time"
    },
    "http_req_duration{expected_response:true}": {
      "contains": "time",
      "values": {
        "p(90)": 7847.33415000001,
        "p(95)": 8654.405434999999,
        "avg": 1650.472469201052,
        "min": 2.7349,
        "med": 50.21555,
        "max": 9259.3252
      },
      "type": "trend"
    },
    "data_received": {
      "type": "counter",
      "contains": "data",
      "values": {
        "count": 11759104,
        "rate": 30138.522462149263
      }
    },
    "http_req_receiving": {
      "type": "trend",
      "contains": "time",
      "values": {
        "avg": 0.10923222381569224,
        "min": 0,
        "med": 0,
        "max": 6.5513,
        "p(90)": 0.5365,
        "p(95)": 0.6261449999999997
      }
    },
    "iterations": {
      "type": "counter",
      "contains": "default",
      "values": {
        "count": 21616,
        "rate": 55.40169570248026
      }
    },
    "http_req_blocked": {
      "type": "trend",
      "contains": "time",
      "values": {
        "avg": 0.40545854459659175,
        "min": 0,
        "med": 0,
        "max": 40.2052,
        "p(90)": 1.1021900000000002,
        "p(95)": 1.2766249999999986
      }
    },
    "http_reqs": {
      "type": "counter",
      "contains": "default",
      "values": {
        "count": 43232,
        "rate": 110.80339140496052
      }
    },
    "http_req_duration": {
      "type": "trend",
      "contains": "time",
      "values": {
        "min": 2.7349,
        "med": 50.21555,
        "max": 9259.3252,
        "p(90)": 7847.33415000001,
        "p(95)": 8654.405434999999,
        "avg": 1650.472469201052
      },
      "thresholds": {
        "p(95)<5000": {
          "ok": false
        }
      }
    },
    "http_req_waiting": {
      "contains": "time",
      "values": {
        "min": 2.7349,
        "med": 49.94815,
        "max": 9258.73,
        "p(90)": 7846.8792000000085,
        "p(95)": 8654.328249999999,
        "avg": 1650.3226516931893
      },
      "type": "trend"
    },
    "checks": {
      "type": "rate",
      "contains": "default",
      "values": {
        "rate": 1,
        "passes": 43232,
        "fails": 0
      }
    },
    "vus": {
      "type": "gauge",
      "contains": "default",
      "values": {
        "value": 5,
        "min": 2,
        "max": 500
      }
    },
    "http_req_sending": {
      "type": "trend",
      "contains": "time",
      "values": {
        "med": 0,
        "max": 5.7604,
        "p(90)": 0,
        "p(95)": 0.5137,
        "avg": 0.040585284048852706,
        "min": 0
      }
    },
    "http_req_tls_handshaking": {
      "type": "trend",
      "contains": "time",
      "values": {
        "p(95)": 0,
        "avg": 0,
        "min": 0,
        "med": 0,
        "max": 0,
        "p(90)": 0
      }
    },
    "data_sent": {
      "type": "counter",
      "contains": "data",
      "values": {
        "rate": 17673.140929091205,
        "count": 6895504
      }
    },
    "http_req_failed": {
      "type": "rate",
      "contains": "default",
      "values": {
        "rate": 0,
        "passes": 0,
        "fails": 43232
      },
      "thresholds": {
        "rate<0.10": {
          "ok": true
        }
      }
    },
    "vus_max": {
      "type": "gauge",
      "contains": "default",
      "values": {
        "value": 500,
        "min": 500,
        "max": 500
      }
    }
  },
  "root_group": {
    "name": "",
    "path": "",
    "id": "d41d8cd98f00b204e9800998ecf8427e",
    "groups": [],
    "checks": [
        {
          "path": "::login 200",
          "id": "48b06dc5cde7f6ebb606ad7da726a2a5",
          "passes": 21616,
          "fails": 0,
          "name": "login 200"
        },
        {
          "id": "1175d378d5977905c63ee4843473232b",
          "passes": 21616,
          "fails": 0,
          "name": "devices 200",
          "path": "::devices 200"
        }
      ]
  },
  "options": {
    "summaryTrendStats": [
      "avg",
      "min",
      "med",
      "max",
      "p(90)",
      "p(95)"
    ],
    "summaryTimeUnit": "",
    "noColor": false
  }
}